keyword,search_volume,competing_products
zaanzeer chicken shredder tool,23.0,231
amazon chicken shredder,432.0,315
aparato para desmenuzar el pollo,90.0,167
avefare chicken shredder tool twist,37.0,214
baked chicken shredder,122.0,250
best chicken shredder tool,48.0,503
bomeon chicken shredder,70.0,235
chciken shredder,154.0,499
chicken ahredder,371.0,515
chicken breast shredder,1300.0,343
chicken breast shredders,13.0,316
chicken breast shredder tool,0.0,645
chicken destroyer shredder,53.0,233
chicken dhredder,36.0,523
chicken grinder,678.0,1000
chicken grinder shredder,324.0,506
chicken meat shredder twist,72.0,386
chicken mincer shredder,400.0,0
chicken schredder,231.0,497
chicken shedder,331.0,522
chicken sheedder,371.0,532
chicken shreader,447.0,527
chicken shreddar,314.0,535
chicken shredde,67.0,509
chicken shredded tool,56.0,419
chicken shredded twist,0.0,189
chicken shreddee,244.0,521
chicken shredder,182398.0,523
chicken shredder ￼,55.0,602
chicken shredder￼,864.0,530
chicken. shredder,275.0,516
chicken shredder 2 pack,62.0,346
chicken shredder amazon,865.0,302
chicken shredder amaztify,134.0,248
chicken shredder container,0.0,224
chicken shredder device,101.0,254
chicken shredder gadget,13.0,411
chicken shredder large chicken breast shredder tool,449.0,0
chicken shredders,392.0,437
chicken shredder to,142.0,565
chicken shredder tool,3139.0,453
chicken shredder tools,183.0,491
chicken shredder tool twist,22604.0,354
chicken shredder tool twist best seller,34.0,264
chicken shredder twist,43.0,352
chicken shreder,403.0,522
chicken shreeder,314.0,504
chicken sreader,44.0,518
chocken shredder,20.0,484
circle chicken shredder,185.0,254
circular chicken shredder,0.0,254
cluckmaster chicken shredder,452.0,0
cooked chicken breast shredder,144.0,620
desebrador de pollo,370.0,261
desmanchador de pollo,168.0,30
desmechadora de carne y pollo,376.0,335
desmenuzador de pollo,2317.0,124
desmenuzador de pollo y carne,452.0,180
easy chicken shredder,173.0,505
giant grinder for chicken,67.0,7000
grinder de pollo,47.0,734
hand chicken shredder,34.0,400
hicken shredder,19.0,513
hundop chicken shredder,60.0,228
hundop chicken shredder tool twist,222.0,221
manual chicken shredder,295.0,372
meat shredded,63.0,281
meat shredded tool,276.0,691
meat shredder￼,196.0,1000
meat shredders for home use,30.0,674
miracle chicken shredder,0.0,227
para desmenuzar el pollo,92.0,36
peaho chicken shredder,0.0,227
picador de pechuga de pollo,35.0,115
premium chicken shredder,68.0,344
radwish chicken shredder,299.0,224
ripiador de pollo,0.0,241
rotary chicken shredder,83.0,277
rotating meat shredder,0.0,449
round chicken shredder,164.0,277
shred chicken tool,387.0,518
shredded chicken tool,510.0,459
shredder chicken,440.0,478
shredder for chicken,424.0,518
shredder for meat,16.0,1000
shredders chicken,187.0,495
shredding chicken gadget,229.0,318
shredding chicken tool,210.0,572
shred king meat shredder,116.0,295
shredmachine for chicken,164.0,239
surethivan chicken shredder,73.0,199
surethivan chicken shredder large,92.0,205
suretivian chicken shredder large chicken breast shredder tool twist,175.0,219
the chicken shredder,48.0,516
trituradora de pollo,305.0,260
triturador de pollo,449.0,282
turkey shredder,149.0,349
twist and shred chicken,0.0,261
twist chicken shredder,284.0,357
twist & turn meat shredder,212.0,263
마늘 다지기,176.0,72
advanced mini chopper,139.0,189
articulos para cosina,0.0,115
automatic vegetable cutter,279.0,514
b0cjn8zwl1,70.0,1
b0czdzvbp8|b076mjsrrc|b09phqzyrf|b0cgnz7bgr|b0c36by1kl|b0cwxql27w|b0cbt7yzg3|b086x4pn48|b0cfw3nydm,45.0,7
best sellers in home and kitchen,0.0,30000
black and decker 1.5 cup chopper,44.0,90
black and decker chopper,415.0,265
black and decker chopper mini,35.0,196
black and decker handy chopper,278.0,185
black and decker handy chopper plus,156.0,129
black and decker mini chopper,361.0,193
black and decker mini chopper electric,224.0,222
black and decker mini food processor,281.0,209
black decker 1.5 cup electric food chopper,95.0,180
black decker chopper,299.0,238
casas para gallinas,66.0,219
chicken accessories,2846.0,30000
choper,462.0,296
chopper 1,0.0,3000
cooking idea gifts,37.0,100000
cortador de verduras electrico,68.0,883
crusher electric,0.0,9000
electric garlic press,329.0,511
electric mini food processor,251.0,517
electrodomésticos para cocina,109.0,142
everyday use gifts,143.0,100000
food blender small,413.0,80000
food chopper black and decker,175.0,341
food chopper mini,242.0,862
food prep gifts,20.0,10000
food processor small mini,329.0,657
gadgets best sellers 2024,143.0,132
garlic blender,439.0,1000
garlic blender mini,87.0,394
garlic processor,217.0,1000
gifts for around the house,0.0,80000
gifts for foodies and cooks,57.0,8000
gifts for people who cook,77.0,328
ginger chopper,84.0,426
grinder for garlic,0.0,30000
handy chopper black and decker,182.0,156
kalokelvin food chopper,0.0,152
kitchen gift ideas,87.0,100000
kitchen gifts under 50,175.0,3000
kitchen mini chopper,115.0,4000
kitchen prime deals,162.0,100000
kitchen stuff￼,263.0,100000
life hack products,81.0,252
lightening deals today,0.0,3000
mens gadgets 2024,119.0,245
mens must haves 2024,15.0,316
mini blender food processor,735.0,771
mini choper,0.0,5000
mini chopper,3967.0,5000
mini choppers for the kitchen,148.0,385
mini electric food processor,306.0,507
mini food blender,353.0,4000
mini food chopper electric 1.5 cup,126.0,187
mini food grinder,236.0,1000
mini-food processor,341.0,705
mini food processor 2-cup small electric food chopper,0.0,317
mini onion chopper,290.0,736
mini procesador de alimentos,348.0,536
mini processor,216.0,902
mini spice chopper,22.0,1000
mini vegetable chopper,216.0,862
mini veggie chopper,34.0,697
moledor de ajo,429.0,412
moledor de sazones,124.0,86
most used kitchen items,89.0,30000
nice kitchen stuff,130.0,70000
onion blender,141.0,713
para picar verduras y vegetales,425.0,446
picador de especias electrico,88.0,236
picador de verduras electrico,319.0,763
picalo todo,0.0,26
pica todo manual de cocina,265.0,173
procesador de alimentos,4458.0,2000
procesador de comida,285.0,567
processor,1298.0,5000
rival mini chopper,0.0,147
salsa blender,390.0,4000
seasoning blender,171.0,20000
small chopper mini,430.0,5000
small food chopper mini,283.0,813
small onion chopper,173.0,2000
small veggie chopper,373.0,3000
spice chopper,94.0,2000
spinach cutter,129.0,373
suretivian chicken shredder tool,,0
the ultimate chopper,0.0,377
toastmaster mini chopper,368.0,88
top products on amazon 2024,161.0,729
top selling items on amazon,439.0,30000
under $100,92.0,727
vegetable chopper small,290.0,5000
wedding registry gifts for men,119.0,353
wedding registry items,6973.0,736
