Keywords,Marketplace,"Search Volume","Competing Products"
"with alarm clock",www.amazon.com,0,>10000
"alarm bedside clocks",www.amazon.com,75,>3000
"alarm click",www.amazon.com,735,>2000
"alarm clicks",www.amazon.com,66,>3000
"alarm clock basic",www.amazon.com,419,>1000
"alarm clock bedside",www.amazon.com,0,>70000
"alarm clock big number",www.amazon.com,0,>30000
"alarm clock big numbers",www.amazon.com,227,571
"alarm clock digital",www.amazon.com,1278,>7000
"alarm clock dimmable display",www.amazon.com,160,>910
"alarm clock for",www.amazon.com,21,>10000
"alarmclock for bedroom",www.amazon.com,324,657
"alarm clocks bedside",www.amazon.com,234,>3000
"alarmclocks for bedroom",www.amazon.com,0,616
"alarm clocks for bedside",www.amazon.com,49,>3000
"basic alarm clock",www.amazon.com,1504,>1000
"basic digital clock",www.amazon.com,161,>1000
"bed clock",www.amazon.com,388,>3000
"bed clock digital",www.amazon.com,185,>1000
"bedroom clock digital",www.amazon.com,0,>4000
"bedroom clocks",www.amazon.com,803,>10000
"bedroom clocks digital",www.amazon.com,1752,>4000
"bedroom digital clock",www.amazon.com,400,>4000
"bedroom digital clock large display",www.amazon.com,29,>60000
"bedroom digital clocks",www.amazon.com,12,>4000
"bedside alarm clocks for bedrooms",www.amazon.com,678,>2000
"bed side clock",www.amazon.com,397,>1000
"bed side clock digital",www.amazon.com,270,>643
"bedside clocks",www.amazon.com,612,>4000
"bedside clocks bedroom",www.amazon.com,1275,>3000
"bedside clocks bedroom digital",www.amazon.com,202,>1000
"bedside digital clock",www.amazon.com,376,>1000
"bedside digital clocks",www.amazon.com,137,>1000
"clock alarm clock",www.amazon.com,0,>10000
"clock bedroom",www.amazon.com,380,>699
"clock bedside",www.amazon.com,177,>4000
"clock digital",www.amazon.com,1747,>10000
"clock for bedroom",www.amazon.com,17365,>10000
"clock nightstand",www.amazon.com,147,>3000
"clocks for bedrooms",www.amazon.com,543,>10000
"clock with alarm",www.amazon.com,349,>10000
"corded alarm clock",www.amazon.com,290,>2000
"desk digital clock",www.amazon.com,457,>3000
"despertador digital",www.amazon.com,343,>3000
"despertadores digitales",www.amazon.com,29,>3000
"digital alarm",www.amazon.com,451,>10000
"digital alarm clock",www.amazon.com,10069,>7000
"digital alarm clock for bedroom",www.amazon.com,57,>3000
"digital alarm clock for bedrooms",www.amazon.com,461,>3000
"digital alarm clock plug in",www.amazon.com,281,>772
"digital alarm clocks for bedroom",www.amazon.com,50,>3000
"digital alarm clocks for bedrooms",www.amazon.com,4127,>3000
"digital alrarm clock",www.amazon.com,0,>7000
"digital bedroom clock",www.amazon.com,268,>4000
"digital bedroom clocks",www.amazon.com,806,>4000
"digital bedside clock",www.amazon.com,412,>2000
"digital bedside clocks",www.amazon.com,375,>2000
"digital clock",www.amazon.com,77066,>10000
"digital clock'",www.amazon.com,314,>10000
"digital clock￼",www.amazon.com,371,643
"digital clock alarm",www.amazon.com,361,>7000
"digital clock bedroom",www.amazon.com,162,>4000
"digital clock for bedroom",www.amazon.com,678,>4000
"digital clock for bedroom nightstand",www.amazon.com,181,>1000
"digital clock for nightstand",www.amazon.com,151,>1000
"digital clock home",www.amazon.com,114,>9000
"digital clocks",www.amazon.com,4127,>10000
"digital clocks for bedrooms",www.amazon.com,2937,>4000
"digital clock with alarm",www.amazon.com,343,>7000
"digital clock with battery backup",www.amazon.com,259,>1000
"digital clocl",www.amazon.com,262,>10000
"digitall clock",www.amazon.com,256,>10000
"digital nightstand clock",www.amazon.com,201,>1000
"digital table clock",www.amazon.com,611,>3000
"dim clock for bedroom",www.amazon.com,101,>1000
"dimmable clock for bedroom",www.amazon.com,343,>1000
"dogital clock",www.amazon.com,388,>10000
"electric digital clock large display",www.amazon.com,220,>1000
"electronic clocks",www.amazon.com,30,>10000
"illuminated table clock",www.amazon.com,208,>1000
"large display digital clocks for bedrooms",www.amazon.com,353,>3000
"light up digital clock",www.amazon.com,162,>848
"loud digital alarm clock",www.amazon.com,242,620
"night stand clocks for bedroom",www.amazon.com,678,>2000
"night stand clocks for bedroom digital",www.amazon.com,234,>908
"night table clock",www.amazon.com,170,>3000
"night table clock for bedroom",www.amazon.com,24,>2000
"plug in clock digital",www.amazon.com,82,>1000
"reloj de mesa de noche",www.amazon.com,427,>1000
"side table clock",www.amazon.com,238,>2000
"silverodokee digital alarm clocks for bedrooms: large bold number 5 brightness dimmer - easy to read",www.amazon.com,306,319
"simple digital alarm clock",www.amazon.com,400,>2000
"simple digital clock",www.amazon.com,413,626
"small clock",www.amazon.com,4127,>60000
"small digital alarm clock",www.amazon.com,440,>7000
"table clocks for bedrooms",www.amazon.com,462,>5000
"table digital clock",www.amazon.com,253,>3000
"usb clock",www.amazon.com,363,>8000
"warmhoming alarm clock",www.amazon.com,0,102
"welgo 7.5 inches large digital alarm clock",www.amazon.com,36,117
"16 inch clock",www.amazon.com,244,>901
"16 inch wall clock",www.amazon.com,803,>967
"alarm clock shines on ceiling",www.amazon.com,162,105
"alarm clock with projector on ceiling",www.amazon.com,437,213
"alexa account",www.amazon.com,183,17
"alexa dot clock",www.amazon.com,114,167
"alexa echo clock",www.amazon.com,163,271
"alexa echo dot clock",www.amazon.com,194,249
"alexa echo dot with clock",www.amazon.com,446,266
"alexa echo spot",www.amazon.com,735,231
"alexa echo with clock",www.amazon.com,163,262
"alexa smart clock",www.amazon.com,195,363
"alexa spot",www.amazon.com,611,497
"amazon alexa with clock",www.amazon.com,179,340
"amazon basics home decor",www.amazon.com,296,>7000
"amazon spot",www.amazon.com,444,321
"amazon spot echo",www.amazon.com,133,211
"batman projection clock",www.amazon.com,27,110
"boys bedroom stuff",www.amazon.com,225,>10000
"brown bedroom decor",www.amazon.com,735,>60000
"brown decor for bedroom",www.amazon.com,293,>60000
"clocks for man cave",www.amazon.com,120,>1000
"clocks that project time on ceiling",www.amazon.com,97,144
"clock that shines on ceiling",www.amazon.com,194,109
"clock that shines time on ceiling",www.amazon.com,291,106
"cool classroom decor",www.amazon.com,219,>10000
"cool room decor for teen boys",www.amazon.com,50,>9000
"cool room decor men",www.amazon.com,0,>20000
"cool stuff for man cave",www.amazon.com,18,>20000
"cool stuff for teen boys",www.amazon.com,805,>3000
"cool stuff for the room",www.amazon.com,254,>20000
"cool teen boy gifts",www.amazon.com,147,>100000
"cool teen boy stuff",www.amazon.com,247,328
"dorm decor guys",www.amazon.com,268,>8000
"dot with clock display",www.amazon.com,16,254
"echo clock dot",www.amazon.com,163,258
"echo dot 5th generation with clock",www.amazon.com,219,144
"echo dot alarm",www.amazon.com,47,104
"echo dot time",www.amazon.com,47,192
"echo dot with alarm clock",www.amazon.com,207,269
"echo dot with time",www.amazon.com,213,180
"echo dot with time display",www.amazon.com,284,107
"echo smart",www.amazon.com,108,>20000
"echo spot black",www.amazon.com,192,268
"echo spot with alexa",www.amazon.com,192,263
"echo spot with clock",www.amazon.com,107,130
"echo with time display",www.amazon.com,148,145
"gifta for teen boys",www.amazon.com,98,>70000
"gifts for boys teens",www.amazon.com,68,>70000
"gifts teen boy",www.amazon.com,140,>80000
"guy dorm decor",www.amazon.com,249,>8000
"instabox alarm clock",www.amazon.com,262,104
"large decorative wall clock",www.amazon.com,864,>10000
"large wall clock for living room",www.amazon.com,259,>10000
"large wall clocks for living room",www.amazon.com,209,>10000
"laser clock ceiling",www.amazon.com,70,119
"living room wall clock",www.amazon.com,1504,>10000
"mini bathroom clock",www.amazon.com,13,>380
"modern office decor for men",www.amazon.com,0,>100000
"mounted clock",www.amazon.com,87,>4000
"owl alarm clock for girls",www.amazon.com,0,141
"panda clock",www.amazon.com,21,>107
"para adolescentes",www.amazon.com,33,>3000
"project clock",www.amazon.com,215,>10000
"projection clocks ceiling",www.amazon.com,63,>269
"projector watch",www.amazon.com,31,>3000
"relaxing bedroom decor",www.amazon.com,264,>50000
"reloj de pared modernos",www.amazon.com,192,>9000
"relojes de pared modernos",www.amazon.com,358,>9000
"reloj para la pared",www.amazon.com,0,>864
"room decoration men",www.amazon.com,80,>80000
"room stuff for teen boys",www.amazon.com,97,>5000
"shelf decor for men",www.amazon.com,245,>10000
"skellington alarm clock",www.amazon.com,199,104
"small clock bathroom",www.amazon.com,0,>100000
"smart product",www.amazon.com,0,>4000
spot,www.amazon.com,1275,>30000
"stuff for room boys",www.amazon.com,282,>20000
"teacher clock for classroom",www.amazon.com,296,>1000
"teen biy",www.amazon.com,302,>100000
"teen biy gifts",www.amazon.com,91,>70000
"teen biys",www.amazon.com,247,>100000
"teen bot",www.amazon.com,46,>100000
"teen boy gifts",www.amazon.com,4908,>80000
"teen boy gofts",www.amazon.com,91,>70000
"teen boys gift",www.amazon.com,51,>70000
"teen boys gifts",www.amazon.com,545,>80000
teens,www.amazon.com,1312,>200000
"top sellers electronics",www.amazon.com,284,195
"tween boy room decor",www.amazon.com,397,268
"tweety alarm clock",www.amazon.com,144,131
"wall clock living room",www.amazon.com,435,>10000
"wall clocks for living room",www.amazon.com,1511,>10000
"wall clocks living room",www.amazon.com,171,>10000
"wall watches for living room",www.amazon.com,145,>8000
"watch projector",www.amazon.com,0,>3000
"watch with projector",www.amazon.com,0,>3000
"wcho spot",www.amazon.com,36,307
"white board clock",www.amazon.com,218,234
"woods decor",www.amazon.com,77,>100000
