Keywords,Search Volume,Competing Products
y2k phone case iphone 14,317,607
2 layer phone case,201,>20000
3d phone case iphone 14,316,>2000
adrianne lenker phone case iphone 14,38,44
aesthetic iphone case,735,>20000
amazoncasessummer,273,>8000
art phone case,361,>30000
beach phone case,678,>10000
beachy blue coquette coastal collage preppy cute aesthetic case,380,225
blanc space phone case,218,78
blondes have more fun phone case,400,160
blueberry jimo phone case,93,26
blunt cases iphone,281,108
boho iphone 14 case,87,>710
boho phone case,435,>4000
brunettes have more fun phone case,419,117
burga iphone 14 case,429,165
burga iphone case,299,382
casesprint,245,105
coastal iphone case,125,>827
coastal phone cases,129,>1000
colorful phone case,397,143
cool phone cases for iphone 14,201,735
costal phone case,287,>1000
cucumber phone case,237,>3000
cute collage phone case,264,>1000
cute phone cases summer,86,>5000
cute summer phone cases,138,219
downtown girl phone case,329,147
fall iphone 14 case,1747,>6000
funky phone case,395,>1000
funky phone cases,272,253
fun phone cases,543,>30000
ghost iphone 14 case,348,>386
graphic phone case,234,>30000
greece phone case,279,>200
grunge iphone case,109,>574
grunge phone case,678,>731
halloween iphone 14 case,1508,>1000
halloween phone case iphone 14,1511,>1000
halloween phone cases iphone 14,86,>1000
hawaiian phone case,189,>1000
inside and out phone case,146,>6000
iphone 14 case,342073,>40000
iphone 14 case boho,219,>827
iphone 14 case burga,289,189
iphone 14 case graphic,114,>4000
iphone 14 case grunge,96,>380
iphone 14 case halloween,803,>1000
iphone 14 case pretty,336,>10000
iphone 14 case star,126,>50000
iphone 14 case stars,268,>1000
iphone 14 case y2k,432,>757
iphone 14 fall case,440,>90000
iphone 14 halloween case,510,>1000
iphone 14 halloween phone case,1152,>1000
iphone case design,191,>100000
iphone phone case,1511,>100000
mqjcyb,341,56
nautical phone case,138,>502
ocean phone case,678,>4000
panther cases,378,>1000
panther phone case,276,>386
phon cases,159,>100000
phone case,191851,>100000
phone case beachy,358,>738
phone case cute summer,135,>30000
phone case for teen girls,208,>70000
phone case girls,264,>60000
phone case iphone 14 y2k,147,>8000
phone cases beachy,43,286
phone cases for girls,437,>60000
phone cases for summer,235,>10000
popular phone cases,358,>6000
pretty phone cases,256,>60000
prime day phone cases,213,>402
radiohead phone case,138,43
redbubble phone case,278,62
rhode phone case 14,307,100
seaside cases,150,>346
society6 phone case,275,109
soul eater phone case,376,127
space phone case,244,>30000
spooky phone case,1985,347
stacked cases phone case,74,>269
stamp phone case,154,>630
starfish phone case,121,>626
star phone case iphone 14,168,>1000
stars phone case,256,>10000
summer collage phone cases,116,>849
summer phonecase,157,711
summer phone cases,157,>10000
trendy european summer collage girls,277,54
tv girl phone case,135,>437
unique phone case,678,225
unique phone cases,256,>90000
vintage phone case iphone 14,98,>2000
whale shark phone case iphone 14,339,>171
whimsical phone case,462,>2000
whimsigoth phone case,33,381
case para iphone,228,>2000
case phone,343,>100000
cases,1747,>200000
cheap phone case,803,>100000
cute iphone 14 phone case,228,>10000
cute magsafe phone case,735,>10000
cute ohone cases,256,>90000
cute phone case iphone 13,678,>10000
cute phone cases iphone 14,2841,>10000
cute pink phone case,678,>20000
forros para iphone 14,321,>717
funda de iphone,256,>100000
funda de telefono,268,>100000
funda iphone,231,>100000
funda para iphone,365,>2000
fundas iphone,284,>100000
fundas para iphone,420,>2000
iphone 13 case cute pink,219,>30000
iphone 13 case pink,2315,>6000
iphone 13 magnetic phone case,447,>10000
iphone 13 phone case pink,417,>7000
iphone 13 pink case,1150,>7000
iphone 13 pink phone case,392,>6000
iphone 14 case magsafe cute,336,354
iphone 14 case pink,1985,>7000
iphone 14 cute phone case,430,>10000
iphone 14 magnetic phone case,341,>10000
iphone 14 phonecase,353,>976
iphone 14 phone case cute,735,>10000
iphone 14 phone case for women,1985,>10000
iphone 14 phone case pink,321,>7000
iphone 14 pink case,806,>7000
iphone 14 pink phone case,278,>7000
iphone case pink,510,>20000
iphone cases,9746,>100000
iphone cases',265,>100000
iphone cases￼,281,304
iphone cases pink,253,>20000
iphone magnetic case 13,278,>10000
iphone mag safe case,269,>20000
iphone phone cases,341,>100000
light pink iphone 14 case,238,>1000
magnetic case for iphone 14,328,>10000
magnetic case iphone 14,284,>10000
magnetic iphone 14 case,678,>10000
magnetic phone case,3313,>90000
magnetic phone case iphone 13,1108,>10000
magnetic phone case iphone 14,1300,>10000
magnetic phone cases,612,>80000
magnet phone case,1110,>80000
magnet phone case iphone 13,258,>10000
magnet phone case iphone 14,216,>10000
mag phone case,430,>30000
magsafe phonecase,297,320
magsafe phone case,14192,>50000
mag safe phone case iphone 14,271,>10000
magsafe phone cases,262,>50000
phoen case,543,>100000
phoen cases,239,>100000
phone caae,289,>100000
phone caee,334,>100000
phone case￼,735,>100000
phone case iphone 13 magnetic,381,>10000
phone case iphone 13 pink,442,>7000
phone case iphone 14 cute,1152,>10000
phone case iphone 14 pink,381,>7000
phone case magnetic,449,>80000
phone case magsafe,1529,>50000
phone case pink,1744,>50000
phone cases ￼,319,>100000
phone cases￼,803,>100000
phone cases cute,1282,>90000
phone cases for iphone,256,>100000
phone cases for iphone 14 cute,311,>10000
phone cases magsafe,287,>50000
phone cases pink,387,>50000
phone case white,430,>50000
phone case with magnet,678,>90000
phone case with magsafe,378,>50000
phone casses,234,>100000
phone phone case,271,>100000
phones cases,393,>100000
phone xase,256,>100000
pink apple phone case,402,>20000
pink case,865,>100000
pink iphone 13 case,2175,>7000
pink iphone 13 phone case,216,>7000
pink iphone 14 case,1744,>7000
pink iphone case 13,326,>7000
pink iphone cases,358,>20000
pink magnetic phone case,262,>10000
pink magsafe case,510,>8000
pink magsafe phone case,268,>8000
pink phonecase,363,>501
pink phone case,9751,>50000
pink phone case iphone 13,1740,>6000
pink phone cases,1110,>50000
pink phone cases iphone 14,208,>100000
pink protective phone case,292,>30000
viral pink iphone case,210,150
